discrete_state_0_prob,discrete_state_1_prob,discrete_state_2_prob
0.09181515724943572,0.3094210073472141,0.5987638354033503
0.148305488360845,0.4744485993266142,0.37724591231254095
0.05992357913781992,0.40710769379183975,0.5329687270703404
0.09710279602202196,0.5821661174038356,0.32073108657414257
0.041265136687747804,0.4968421553435705,0.4618927079686817
0.08521315941671213,0.6553437965446474,0.25944304403864044
0.02462164871462617,0.5298658543580511,0.44551249692732275
0.01210097208795744,0.41183278549401764,0.5760662424180248
0.004213663969223733,0.21218289996803483,0.7836034360627415
0.02500616656364887,0.3878354947106384,0.5871583387257128
0.04975216238140196,0.5801324781665197,0.37011535945207835
0.07501394821893503,0.7245240351063913,0.20046201667467364
0.023125791705251718,0.6089762585575521,0.36789794973719614
0.008234883136478658,0.37566981914063224,0.6160952977228891
0.005349595003736469,0.27042862994974626,0.7242217750465172
0.0022926114434754607,0.1255748732905672,0.8721325152659573
0.020742507731995843,0.26017729145970825,0.7190802008082959
0.047030079214510884,0.4447922737904237,0.5081776469950655
0.09731009318834027,0.6088918572917212,0.29379804951993843
0.12711848115803145,0.7202170135316853,0.1526645053102833
0.1486247015783158,0.7737634373353034,0.07761186108638088
0.049499497736500045,0.7549007061367838,0.19559979612671616
0.06809048896224361,0.8327974007573377,0.09911211028041875
0.034490055893834616,0.7820495583149657,0.1834603857911996
0.051327910994766746,0.8557507542048162,0.09292133480041705
0.021677557673788577,0.7253542001710527,0.2529682421551587
0.00828676030126687,0.5679681248651248,0.42374511483360844
0.004018283447577955,0.3923197154427875,0.6036620011096345
0.004037001197998042,0.28300197427385587,0.712961024528146
0.002098878323078705,0.16598254807275778,0.8319185736041635
0.0014474834528676634,0.09312067870632272,0.9054318378408096
0.0011382118878301285,0.04050756663222114,0.9583542214799488
0.0009786955782603698,0.018969270531860552,0.9800520338898792
0.017120979640076656,0.06152846459321944,0.9213505557667039
0.003730949637726281,0.03673322230724112,0.9595358280550326
0.01952103964417767,0.09870343653205728,0.881775523823765
0.0636919055540431,0.21094830448693155,0.7253597899590254
0.1465983399941311,0.35874511681459265,0.4946565431912764
0.20984946033407273,0.5035957980907473,0.28655474157518
0.30240520858119224,0.5602453851436189,0.1373494062751889
0.3801591956212892,0.5552915835799687,0.06454922079874213
0.44382335048742594,0.5213743142704488,0.03480233524212522
0.43660559251063563,0.5366894022078967,0.026705005281467603
0.4885455206715441,0.4906062138246425,0.020848265503813516
0.47321615626540586,0.5053653231204931,0.02141852061410113
0.2567438752483954,0.6403378044081405,0.10291832034346404
0.2739278302209117,0.6713257972407207,0.05474637253836747
0.09597509872058538,0.7309944850007773,0.17303041627863736
0.044666950854237275,0.6696863962318009,0.2856466529139619
0.014964094256793549,0.4523068325612048,0.5327290731820015
0.008078875891705377,0.33739376229274487,0.6545273618155497
0.03207363167383091,0.5343633832529806,0.4335629850731886
0.009236306141595749,0.37179759633603,0.6189660975223742
0.026748116078442772,0.5719157595160477,0.4013361244055096
0.059541738334133426,0.7220564099925032,0.21840185167336343
0.0998811622620111,0.7918517434764091,0.10826709426157971
0.04829748851060493,0.7520963400907978,0.1996061713985972
0.06690469193388894,0.8319084108229993,0.10118689724311175
0.02675461638404125,0.7029403221047464,0.27030506151121225
0.010324987106673013,0.47849005667380473,0.5111849562195224
0.0066379029055657615,0.3591261140106426,0.6342359830837915
0.022883755502111986,0.5604127572672705,0.41670348723061756
0.04265846572513927,0.7246968442289077,0.23264469004595317
0.015411386332477885,0.51734470837634,0.46724390529118215
0.005352377491539066,0.3491035069908121,0.6455441155176489
0.004271797645460331,0.24824434550072916,0.7474838568538106
0.01962884486405794,0.43611341853283675,0.5442577366031053
0.005819852160652554,0.28185050643849596,0.7123296414008515
0.00411168195211138,0.19617093018569443,0.7997173878621943
0.0018436680556671615,0.0874276197481676,0.9107287121961652
0.015401072844220886,0.19535698987447347,0.7892419372813056
0.006678997081081391,0.13461531986587646,0.8587056830530421
0.031484487977960864,0.27330832106442554,0.6952071909576135
0.08003396752024336,0.44933839146435195,0.4706276410154047
0.11969374797653935,0.6099282786809814,0.2703779733424792
0.18459516626465483,0.6823146467873488,0.13309018694799635
0.20592734325291734,0.7257036964929319,0.06836896025415087
0.06965808236341903,0.7424145427263614,0.18792737491021955
0.021905568972005168,0.6281922896839383,0.3499021413440565
0.008115126189576391,0.3939799579808537,0.59790491582957
0.005406314405803868,0.28549238244085073,0.7091013031533454
0.02713166611185816,0.4788187397227477,0.49404959416539407
0.012553940961218157,0.36519452853678114,0.6222515305020008
0.040317917704510105,0.5596935634081811,0.3999885188873088
0.01140737021087623,0.3998014510019967,0.588791178787127
0.029680160937276323,0.5979545221163469,0.37236531694637676
0.050243753457840386,0.7474426594196402,0.2023135871225195
0.08654597931898922,0.8131066921429738,0.10034732853803709
0.12794250189080902,0.8207374556558916,0.051320042453299325
0.17381082074170948,0.7959650710526713,0.030224108205619157
0.18441281444137927,0.79265750419442,0.022929681364200757
0.19384840481869062,0.786159299362724,0.019992295818585304
0.08211105083374948,0.7974549121345058,0.12043403703174477
0.12369138732291957,0.8159574581001922,0.06035115457688823
0.049600056066812864,0.7502189705044896,0.20018097342869762
0.06835560815083379,0.8301628162423027,0.1014815756068634
0.027243352383899834,0.701700833762487,0.27105581385361305
0.04505089739890707,0.8147523315033149,0.14019677109777792
0.01822860947851808,0.6483160659631126,0.33345532455836935
0.006817262891079874,0.47825654525490885,0.5149261918540112
0.0033098341425655082,0.3120177540340705,0.6846724118233639
0.0020445896991323244,0.1853295876341906,0.812625822666677
0.0014832945398944623,0.10447407127549459,0.8940426341846109
0.0012050830536608113,0.05843088362815548,0.9403640333181837
0.0010257361967136263,0.026145142827312923,0.9728291209759735
0.01355716301694275,0.07670491417247971,0.9097379228105775
0.003071249692273827,0.03443765955722798,0.9624910907504981
0.001320515072920077,0.021673172226472616,0.9770063127006072
0.0009696349117153709,0.011609246656451118,0.9874211184318336
0.0016394902773465576,0.012373544052339107,0.9859869656703143
0.001043319793601932,0.010486419049153635,0.9884702611572445
0.0009436418857039295,0.009515738998140982,0.9895406191161551
0.0008875874044773674,0.006925188549970504,0.992187224045552
0.016812390073406677,0.035452898712691444,0.9477347112139017
0.0035924671267622884,0.02309946719968764,0.9733080656735501
0.024537256351727387,0.07043146531566695,0.9050312783326055
0.061647601025618726,0.163319886409713,0.7750325125646683
0.02106384246110957,0.11871346944457456,0.8602226880943159
0.004492716696623602,0.05313257151254845,0.942374711790828
0.0027849661194732345,0.03835062838188973,0.958864405498637
0.0022427965721677767,0.028962412443497707,0.9687947909843345
0.002056562596352706,0.02310366785457791,0.9748397695490694
0.0011320006733196058,0.015876690597259168,0.9829913087294212
0.0009682243541732174,0.012202749834401973,0.9868290258114248
0.0016409545980686656,0.012734974342807268,0.985624071059124
0.014917409930888201,0.04825036856050525,0.9368322215086066
0.0031956109210585933,0.022814211157454772,0.9739901779214866
0.002307076002396641,0.019384306008456396,0.978308617989147
0.02091326813569942,0.0625143054018926,0.9165724264624081
0.05483533527474712,0.14893990349416839,0.7962247612310844
0.01871384688182785,0.10756135807783443,0.8737247950403377
0.004045719696920336,0.04801916474505872,0.9479351155580209
0.0015098051073896435,0.028699622513106343,0.9697905723795041
0.0010131750704460126,0.014347946422738912,0.9846388785068151
0.017203823752157867,0.05163005139639477,0.9311661248514473
0.06028684151220815,0.12717882244270307,0.8125343360450887
0.12187649653117918,0.25375293669086435,0.6243705667779565
0.19563777801345514,0.404609945670418,0.39975227631612686
0.07804250586453142,0.3552682590500154,0.5666892350854531
0.12523469008271812,0.5258524207495576,0.3489128891677242
0.05165430771833233,0.45029093306648166,0.49805475921518594
0.10436387898893179,0.6103713860570605,0.2852647349540076
0.029083792656140958,0.489960464911219,0.48095574243264005
0.01335325857614876,0.37609761509143336,0.6105491263324179
0.0416217432651242,0.5698673800396477,0.3885108766952282
0.012525043746154298,0.347812374370021,0.6396625818838247
0.03205906048393124,0.5461238697366394,0.4218170697794293
0.009811459012507033,0.3220554529192839,0.668133088068209
0.005585031749796484,0.2279128337751831,0.7665021344750205
0.0022278286230199905,0.1308974522879943,0.8668747190889857
0.0013526974776759048,0.05693635961497134,0.9417109429073528
0.0010849255158686226,0.033121638021493156,0.9657934364626382
0.0009939055700070025,0.020875979431895973,0.9781301149980971
0.0016755490516627283,0.01803810996130861,0.9802863409870286
0.001060234792084784,0.013313835624493592,0.9856259295834217
0.0016704515069714157,0.013418397787714682,0.9849111507053139
0.019093667562243143,0.049693782385452134,0.9312125500523047
0.06522231755855475,0.12340204042899965,0.8113756420124457
0.012695316306036115,0.07590971866856407,0.9113949650253999
0.03775087185276086,0.17380769884677874,0.7884414293004605
0.07953064175649549,0.32658976383859717,0.5938795944049073
0.017740085236762567,0.2141081664143907,0.7681517483488467
0.007511451444448841,0.14838357856162618,0.8441049699939249
0.03329505133252466,0.2945340324575094,0.6721709162099658
0.06559801381594992,0.4800491514493754,0.45435283473467475
0.02668941418090556,0.38013856633849125,0.5931720194806033
0.007070671902229648,0.19489456050961024,0.79803476758816
0.0024013543999425262,0.11089971535447195,0.8866989302455855
0.0023834137646009754,0.07530071961298818,0.9223158666224109
0.0012938789932954945,0.04283614502359339,0.9558699759831112
0.0010078996353428933,0.019900383609721163,0.9790917167549359
0.0009175856776872988,0.01091003256542952,0.9881723817568832
0.0008862390868636537,0.007455814390633139,0.9916579465225032
0.016810598440792097,0.03661890182957412,0.9465704997296338
0.006280241570558487,0.028974270245611528,0.96474548818383
0.0319678834063953,0.08272681451246787,0.8853053020811368
0.07528140439599272,0.18471306568190582,0.7400055299221016
0.01497714094603935,0.09036672533810686,0.8946561337158538
0.05297350435751261,0.1976485922577253,0.7493779033847622
0.1278053557464786,0.3462454176731301,0.5259492265803913
0.029757086434964507,0.1978283091833514,0.7724146043816841
0.06453584646142503,0.36196659578599244,0.5734975577525825
0.10652032248491138,0.5378487908194894,0.3556308866955991
0.027975650238178284,0.41173697916443847,0.5602873705973833
0.007589870344587533,0.21640783573782385,0.7760022939175886
0.03252109162999334,0.39175826823266485,0.5757206401373419
0.008262208895497612,0.25082383226958305,0.7409139588349194
0.033524411834605514,0.4355486747047806,0.5309269134606138
0.06013593150947593,0.6197306883757864,0.3201333801147377
0.1063229979419001,0.7292628313800259,0.16441417067807407
0.12765456478405676,0.7890093078204723,0.08333612739547092
0.0618001799714077,0.7708238394420694,0.16737598058652287
0.0803783547204027,0.8348113140869847,0.08481033119261261
0.032172577186657426,0.7257082762816379,0.2421191465317047
0.06302670031378578,0.8150976517957185,0.12187564789049583
0.024681084286632952,0.6693841332785383,0.30593478243482886
0.013440067247506241,0.5540279060277608,0.43253202672473295
0.030666605530150094,0.7251617583878971,0.2441716360819529
0.04842024603546734,0.8264952655380733,0.1250844884264594
0.025463266119599034,0.7578774245447395,0.2166593093356614
0.042016956727175696,0.8477662859997954,0.11021675727302895
0.022988812952828636,0.7811049116255302,0.19590627542164124
0.013934884570504312,0.6817964224890091,0.30426869294048664
0.006513160206299301,0.445630787820923,0.5478560519727776
0.005140587132983017,0.3288924648787268,0.6659669479882901
0.002445026213050042,0.19738853944582552,0.8001664343411244
0.021022955169596923,0.3684522970235203,0.6105247478068827
0.04445754716116453,0.5631306222179394,0.39241183062089596
0.012440976729071079,0.40522358378642365,0.5823354394845053
0.00417557533595939,0.2552499833377399,0.7405744413263007
0.0034787687228155354,0.1760167258622612,0.8205045054149233
0.0029454720752741517,0.119326177883388,0.8777283500413379
0.0025739239971276245,0.08091581450693168,0.9165102614959406
0.0023284433167300726,0.05584414476427308,0.9418274119189969
0.0012435767247804199,0.03262671183654972,0.9661297114386699
0.0009794314578106368,0.01587071507824268,0.9831498534639468
0.017112059252544227,0.05490275725857276,0.927985183488883
0.003707132336129595,0.03323968324519019,0.9630531844186803
0.019486100140347646,0.0915912531664374,0.8889226466932151
0.004241525566580165,0.0530977473375354,0.9426607270958844
0.0027124580046840223,0.03830761330908922,0.9589799286862267
0.0012218220928275987,0.01818114075638861,0.9805970371507837
0.0017315840141321013,0.016403059962116384,0.9818653560237515
0.0010229577382664442,0.00959545597231878,0.9893815862894147
0.0008999749811225356,0.006958910066921069,0.9921411149519563
0.0009139208747808948,0.0077605143748124255,0.9913255647504067
0.0016117162267938238,0.010029354113770454,0.9883589296594357
0.018920718226799048,0.04234110410465589,0.9387381776685451
0.05169447930224307,0.11057297612739139,0.8377325445703655
0.135136705325899,0.22295751563910463,0.6419057790349965
0.2627750868089199,0.3455716780233388,0.39165323516774125
0.3339770254357326,0.45559458498389804,0.21042838958036927
0.42967181555609646,0.4745607317170509,0.09576745272685261
0.4381098954368769,0.5096677503082933,0.05222235425482979
0.43550240050542693,0.5306978172679376,0.03379978222663548
0.2308244657041377,0.6482956151635069,0.12087991913235556
0.2993665034772847,0.6420794060772329,0.05855409044548247
0.30790045593302606,0.656463041348908,0.0356365027180658
0.36652641836420224,0.6095002275595606,0.023973354076237095
0.4220499777028939,0.55822047471826,0.019729547578846207
0.41358055101134383,0.5659329366990211,0.02048651228963512
0.4658424244943633,0.5155800076415089,0.018577567864127776
0.5131567980040377,0.4688093932233544,0.018033808772608035
0.554810774372939,0.42722190661103426,0.01796731901602683
0.5306709721116517,0.44856911600460125,0.020759911883746908
0.5103342206713508,0.4679790132663288,0.02168676606232028
0.281028298695694,0.6120272226647945,0.10694447863951147
0.2983390817306044,0.6450273215311192,0.05663359673827654
0.12172640294790373,0.6605289421417142,0.21774465491038203
0.035715134611176674,0.5636412551596545,0.4006436102291688
0.010931714931958653,0.33930724026345865,0.6497610448045826
0.0036245905477393166,0.1657770227365709,0.8305983867156898
0.0029499674851309068,0.11229274017233812,0.884757292342531
0.0014708088604035664,0.06285628261042503,0.9356729085291714
0.01859884424288237,0.1498271777209402,0.8315739780361774
0.00420465965660508,0.06702477925059722,0.9287705610927977
0.0015243984984560702,0.029826485494752857,0.968649116006791
0.0010177294942944792,0.01478865423949679,0.9841936162662087
0.013507818073883923,0.05259910892268108,0.9338930730034349
0.005395330572797946,0.038774182752527135,0.955830486674675
0.029398275885783032,0.10258157466106971,0.8680201494531473
0.0060167856600334855,0.06011565705185842,0.933867557288108
0.03079976582675192,0.14414980267816957,0.8250504314950785
0.08684329832546969,0.2799748007592107,0.6331819009153197
0.17794403621964502,0.4281490318024156,0.39390693197793936
0.28012729470842535,0.5197410662146023,0.20013163907697248
0.1270117249180072,0.5236404040994647,0.3493478709825283
0.20360191174576273,0.619235364647501,0.1771627236067363
0.06876631579569449,0.5111515366783025,0.4200821475260031
0.12598850407353213,0.6471027600662332,0.22690873586023458
0.15378141112303664,0.7309844282914805,0.11523416058548297
0.17275953866576213,0.7672361982282412,0.060004263105996714
0.08428444658473791,0.7782146524337649,0.13750090098149736
0.10279688633270158,0.8269225988094635,0.07028051485783493
0.14565103890251166,0.8161437349175267,0.03820522617996173
0.07227223553619364,0.8256313742216753,0.10209639024213098
0.028570685187725212,0.6986707092901394,0.2727586055221354
0.04662444508979434,0.8122158891201409,0.14115966579006478
0.06327417172184582,0.8647480484946141,0.07197777978354011
0.09763863006490489,0.8632285215367772,0.039132848398317925
0.13734995726535526,0.8373953832021024,0.02525465953254241
0.057876479238347454,0.8159861472197038,0.1261373735419489
0.07463492007677765,0.8605306780685983,0.06483440185462418
0.0262398644875767,0.8099072901707983,0.163852845341625
0.05293350638423693,0.8652183336308166,0.08184815998494653
0.08517030760207948,0.8713453393582817,0.0434843530396389
0.12279212594017982,0.8501617907409296,0.027046083318890704
0.16581104912238634,0.81379492801557,0.020394022862043698
0.1758160372531538,0.8053795427190954,0.0188044200277509
0.18523401431127123,0.7965357626213493,0.01823022306737957
0.07863907458632961,0.8060784416928661,0.11528248372080419
0.11902972315059401,0.822898186861459,0.058072089987947016
0.13328278640609034,0.8323580775021259,0.03435913609178385
0.17849249132399425,0.7981676038548777,0.0233399048211279
0.2282229460659885,0.7527192225412791,0.019057831392732337
0.28145077332093893,0.701005020550955,0.017544206128106032
0.3365656494347367,0.6462986151994138,0.017135735365849475
0.3354132148118993,0.6457837047808527,0.018803080407247985
0.14723078405778037,0.7178717355601115,0.13489748038210805
0.20470886986254477,0.7294153552563435,0.0658757748811117
0.2624068017000421,0.7016552419969204,0.03593795630303746
0.2694632378779958,0.7046029325993075,0.02593382952269674
0.27464714178512434,0.7034864112901034,0.021866446924772277
0.2788968468988766,0.7008577929860903,0.020245360115033167
0.28261843443452384,0.6977629981864027,0.019618567379073353
0.10317938662165055,0.7913851500994773,0.10543546327887211
0.1204667775697913,0.8241901076461524,0.05534311478405631
0.165426563666853,0.8026781328387973,0.031895303494349846
0.17649942672347063,0.7999368379231347,0.023563735353394653
0.08818560303867251,0.8300339002646808,0.08178049669664672
0.10385521173916264,0.8515513246536609,0.04459346360717638
0.1174284595721387,0.8540916063195165,0.028479934108344655
0.1597309833403178,0.8193110890505194,0.02095792760916277
0.2071484389677349,0.7747753590069134,0.018076202025351536
0.10405430053965323,0.8206307876283354,0.0753149118320113
0.11947761845361417,0.8387176088894222,0.041804772656963585
0.1631674740911768,0.8104875944855205,0.026344931423302635
0.21154569701476864,0.7682545508474946,0.020199752137736844
0.10616680204070397,0.8147948660336147,0.07903833192568127
0.04179185746038664,0.7233595279372128,0.2348486146024005
0.07625180433013952,0.8061751169218182,0.11757307874804217
0.02929801124931962,0.670037039337626,0.30066494941305427
0.048080604868689966,0.7944767968164878,0.15744259831482232
0.08184500695855344,0.8399234385154889,0.07823155452595766
0.028110581460195478,0.7846835089066567,0.1872059096331479
0.04442378463114556,0.860733264387653,0.0948429509812015
0.016448424567005095,0.774704794207325,0.20884678122566996
0.040262536981217914,0.8548841763227252,0.10485328669605701
0.06987384944337666,0.8762861299531001,0.05384002060352315
0.036375726121152425,0.8444063219724462,0.11921795190640141
0.06526510601774332,0.8742841626880247,0.06045073129423214
0.03414571455503153,0.837419647060797,0.1284346383841715
0.049754505591189234,0.8843771187604483,0.06586837564836251
0.08060189767548467,0.8828298708254944,0.03656823149902101
0.04171779097711663,0.8637358076593368,0.09454640136354664
0.023121600120498926,0.8024612708092861,0.17441712907021492
0.03875971572668878,0.87288520524028,0.08835507903303116
0.06746796968289716,0.8860688535005393,0.04646317681656368
0.10160018187019151,0.8701030252282516,0.028296792901556882
0.141282306033594,0.8378630929368686,0.020854601029537487
0.07097887860587743,0.8540249164797789,0.07499620491434386
0.10729577047142684,0.8523138169501767,0.04039041257839635
0.04472510665275034,0.799149487430368,0.15612540591688173
0.06168772061750174,0.8590585176312816,0.07925376175121676
0.02577482987725093,0.7453236024997123,0.22890156762303676
0.042580574230816126,0.8406407968859095,0.11677862888327434
0.07323273470431778,0.8675260979384241,0.059241167357258165
0.1092471176251304,0.857098570701678,0.033654311673191495
0.03839697168275214,0.8483601739521197,0.1132428543651282
0.05388048619830635,0.8873866528965971,0.05873286090509635
0.08546191788460271,0.8810393124016599,0.033498769713737345
0.09871207856472425,0.8776388765768544,0.023649044858421342
0.11119036860999656,0.8691840943913042,0.019625536998699244
0.12309805272888762,0.8588466455462113,0.018055301724901083
0.16543437141775605,0.8177476207637779,0.01681800781846598
0.21306692170843392,0.7704549509257703,0.01647812736579577
0.22036272251010997,0.7620631929990295,0.017574084490860484
0.27289085424958176,0.7101554461396897,0.016953699610728363
0.13885653000976036,0.7827722952047446,0.07837117478549516
0.15450428748039893,0.8021642283313541,0.04333148418824702
0.2035547866414954,0.7694942744385539,0.02695093891995085
0.25605705357967085,0.7234247597512212,0.020518186669107933
0.31089335391676204,0.6709279163943572,0.018178729688880704
0.366384665928253,0.616154790654905,0.017460543416841966
0.16294207261982957,0.7014737802881983,0.13558414709197217
0.18410119752847512,0.7463965457114927,0.06950225676003205
0.23991138103049134,0.7225888172986252,0.03749980167088343
0.11955678931112472,0.771586259861769,0.10885695082710624
0.1374178450525068,0.8056150090698126,0.05696714587768063
0.055140988080497694,0.7497751990519135,0.19508381286758886
0.07424907339163908,0.8269177495177176,0.09883317709064329
0.09049138903857258,0.8572895027621955,0.05221910819923207
0.0375624145509198,0.783406978043871,0.1790306074052091
0.06858062110425013,0.8423829578669046,0.08903642102884522
0.023771706887679316,0.7732189563427745,0.2030093367695461
0.0503555906771632,0.8480660814427136,0.10157832788012335
0.06599213711249274,0.8806261126611058,0.053381750226401486
0.023840068318385935,0.8328869512031419,0.1432729804784721
0.014879197765328828,0.7473529946294155,0.2377678076052556
0.03036467516330945,0.8479757110248473,0.12165961381184313
0.013891323349172553,0.6857036272833915,0.30040504936743606
0.03774940128378298,0.8065448446467652,0.1557057540694518
0.06812167198490607,0.8542532078147923,0.0776251202003016
0.028124927392727372,0.7451842456057577,0.22669082700151483
0.011336489837535877,0.5319219582135108,0.4567415519489532
0.028148278681209477,0.7098039402753679,0.26204778104342275
0.05784655269857479,0.8091814074473473,0.13297203985407788
0.07485183315369683,0.8570730776263591,0.06807508921994405
0.03825112392327666,0.8214571869979059,0.1402916890788174
0.05436733973445079,0.8740849876760578,0.07154767258949157
0.08656235676270915,0.8744428078940872,0.03899483534320368
0.030775124595361907,0.8488112670152157,0.12041360838942246
0.05799398624673933,0.8809209950972617,0.06108501865599882
0.07248943523071065,0.8922127720580186,0.03529779271127063
0.08599449631837387,0.8896921845176667,0.024313319163959318
0.09879452121861969,0.8814026791721772,0.01980279960920304
0.04279349505998807,0.8477756384036843,0.1094308665363277
0.07326979658171502,0.8708453699388805,0.05588483347940441
0.08762534620778174,0.87924443154632,0.033130222245898226
0.03130785692354829,0.8586780830405537,0.11001406003589809
0.014448296640095105,0.7050074442292725,0.2805442591306323
0.006871455122816436,0.4722097436623086,0.520918801214875
0.0033999592596120226,0.2532380136528352,0.7433620270875527
0.01811539779303463,0.4426828758572361,0.5392017263497292
0.005535459278570624,0.2866602274010503,0.7078043133203792
0.02157084405103168,0.48208633442801846,0.4963428215209499
0.01060652830732242,0.3662347648178012,0.6231587068748765
0.0036451038418745204,0.22544517817128815,0.7709097179868373
0.023668929976014448,0.40576080328821723,0.5705702667357683
0.010739475859144957,0.29976488513767957,0.6894956390031756
0.03792171368624731,0.49177103780169784,0.47030724851205497
0.08015081703392561,0.6537688052410784,0.2660803777249961
0.025283254539277836,0.45820883006752333,0.5165079153931987
0.011722102084047257,0.34597829878189257,0.6422995991340601
0.03084997708324945,0.5445880119767126,0.4245620109400381
0.06681332851976127,0.6992545887423285,0.2339320827379101
0.11059856664757231,0.773327199666527,0.11607423368590072
0.15861171043819344,0.7833810957290686,0.05800719383273788
0.20975139587828878,0.7573567311646836,0.03289187295702761
0.10436321286369456,0.7965879752798306,0.09904881185647475
0.1496734685125032,0.7997574590992181,0.0505690723882786
0.060495015781041286,0.7561878725081409,0.18331711171081777
0.07961933866150857,0.8275697023207181,0.09281095901777321
0.03972951579528352,0.7843877542566684,0.17588272994804807
0.05684657420243233,0.8540745121102925,0.08907891368727519
0.07226879851486162,0.8800105533979762,0.047720648087162115
0.10748768594123807,0.8636957964414099,0.02881651761735186
0.054473143603965185,0.8606860772178461,0.0848407791781889
0.08721997069313922,0.8679951935889271,0.044784835717933645
0.12532114972161856,0.8470963548060932,0.027582495472288148
0.06298417592177113,0.8527585805929304,0.0842572434852986
0.09784025263437648,0.8576955634722432,0.044464183893380305
0.13794487355528753,0.834612158045281,0.027442968399431462
0.18320349759725266,0.796213682775534,0.02058281962721337
0.23308810583902062,0.7489140487406523,0.01799784542032714
0.28645031391771597,0.696393993804374,0.017155692277910133
0.1241830675984426,0.7511835319192512,0.12463340048230614
0.14334445627373138,0.7923709620954235,0.06428458163084506
0.19286532341657228,0.7716136754713119,0.035521001112115785
0.24547190112132175,0.730677572897062,0.02385052598161605
0.25183302478147124,0.7273320654327804,0.02083490978574841
0.2574035633327821,0.7229449235860052,0.019651513081212758
0.1102864455590081,0.7625470361312495,0.12716651830974232
0.15914075375278097,0.7778795466097008,0.06297969963751814
0.21088495453307934,0.7541892966560579,0.0349257488108627
0.2650354342021632,0.7113335296530788,0.023631036144758116
0.32069241351701483,0.659929454616222,0.01937813186676304
0.13995547640317726,0.725621662166947,0.13442286142987583
0.1603838856968021,0.7707015222165711,0.06891459208662697
0.21294572097943432,0.7496899537189967,0.037364325301568885
0.2226867009315326,0.7511303547635177,0.02618294430494973
0.23061492959674523,0.7477639245632375,0.021621145840017304
0.28434621780145963,0.6971247428809351,0.018529039317605214
0.3396791331887457,0.6428086104373518,0.017512256373902385
0.33833506845825523,0.6426866019802642,0.018978329561480566
0.33736498453449787,0.6430767925385307,0.01955822292697148
0.3365782213152309,0.6436371837335555,0.01978459495121358
0.392110045146898,0.5897652781622214,0.018124676690880553
0.445209036579826,0.5371169348268251,0.01767402859334896
0.4338875160911187,0.5462733694627926,0.019839114446088744
0.4844593279941111,0.4971433092601826,0.018397362745706355
0.22541797278598827,0.6200052998845123,0.1545767273294996
0.29863702982692614,0.6280830264582695,0.07327994371480429
0.363941055529031,0.5975671810401906,0.038491763430778515
0.3645643293154836,0.6077587635953935,0.02767690708912278
0.36303300682557305,0.6136992540114172,0.023267739163009695
0.18888234240768262,0.7149105985375485,0.09620705905476888
0.24867385333381747,0.70276885427548,0.04855729239070251
0.25822392332947486,0.7106658410304221,0.031110235640103043
0.2648331740370193,0.7112568060180244,0.02391001994495631
0.32052736804364845,0.6599894855340596,0.019483146422291864
0.3210749154223533,0.6592983121609945,0.019626772416652085
0.3767824525433707,0.6051930895203956,0.01802445793623381
0.16803873482707382,0.6935628868735765,0.13839837829934976
0.0780103043569285,0.6725727532854706,0.24941694235760078
0.0251765531117774,0.4793399293152982,0.49548351757292447
0.04749065313557177,0.6610112443439915,0.2914981025204368
0.022385179468033048,0.5571658752667271,0.4204489452652399
0.0071706409397813125,0.38874665840896405,0.6040827006512546
0.02980823631743527,0.5864948169950328,0.38369694668753196
0.00970327254915832,0.35759944272040733,0.6326972847304343
0.02760557976951301,0.5574410712516472,0.41495334897883984
0.008834248293972512,0.330058254084622,0.6611074976214055
0.003174016647288275,0.1598431637940524,0.8369828195586594
0.02282147896949236,0.31367516616856067,0.663503354861947
0.061381881715976284,0.49952831269348724,0.43908980559053656
0.016466485101099056,0.2942835285738942,0.6892499863250069
0.03922198077090093,0.48642875847574146,0.4743492607533576
0.08248260503586582,0.6485857996868507,0.26893159527728344
0.10841782663919726,0.7530520392422001,0.1385301341186027
0.1280551370145345,0.8011355583292735,0.07080930465619205
0.17565297563406157,0.7860429356574191,0.03830408870851944
0.22677643079208595,0.7482827082180958,0.024940860989818136
0.28073477186222634,0.6994745026820858,0.019790725455687927
0.33620691562622035,0.6458194864548316,0.017973597918948134
0.1259110089794609,0.7657693663599486,0.10831962466059045
0.14384996212589674,0.7994080094498948,0.05674202842420856
0.19271424528880715,0.7748724588047605,0.032413295906432285
0.09577126856829,0.8073094417039719,0.09691928972773804
0.03703174592323806,0.6960196303977954,0.26694862367896666
0.07068809815790597,0.7940571621805644,0.13525473966152962
0.08843434524997296,0.8423794008053095,0.06918625394471767
0.035863680519254475,0.7510433886543892,0.21309293082635625
0.013811577081238794,0.5462007269087802,0.439987696009981
0.03124035304893339,0.7191830211459597,0.24957662580510695
0.06191961755442137,0.8121175449441679,0.1259628375014106
0.0788596924046281,0.8563788213574145,0.0647614862379574
0.027559680919825767,0.8081745684772111,0.16426575060296306
0.04341191643244107,0.873315614221861,0.08327246934569803
0.05833423017653465,0.8966225579114768,0.04504321191198852
0.0313915893222743,0.8632162678261154,0.10539214285161044
0.01853514788417651,0.7932492376051208,0.18821561451070273
0.009079619113323714,0.5887814068989008,0.40213897398777537
0.03137901121991572,0.7479312569444705,0.22068973183561383
0.06132213389508522,0.8281769944977418,0.11050087160717294
0.07764692786201044,0.8648203891192286,0.057532683018760834
0.09207512048198649,0.8740530984400872,0.0338717810779264
0.03273320361401361,0.8554498777444534,0.11181691864153298
0.012795904672321851,0.753668992978089,0.23353510234958913
0.027959760474944896,0.852681249079107,0.11935899044594799
0.016894694991155805,0.7764201841954553,0.20668512081338886
0.040857008562271965,0.8554293693827961,0.10371362205493186
0.0562130028894823,0.8894595590209986,0.05432743808951902
0.07047652418761681,0.8971758479217573,0.032347627890625924
0.08388715899520567,0.8930600941196044,0.023052746885189945
0.12008671627774498,0.8612174634869628,0.018695820235292177
0.16202892208416145,0.8209094227003062,0.01706165521553244
0.1718956921586008,0.8106982986624491,0.01740600917895012
0.2202832216131386,0.7629879173071105,0.016728861079750912
0.2726919396394418,0.7106770913343741,0.016630969026184085
0.13877873482032196,0.7833963793219804,0.07782488585769766
0.1543820527049189,0.8025278519597929,0.0430900953352882
0.05323032811570649,0.8112290973130881,0.1355405745712054
0.027316327299575602,0.7415383419741647,0.23114533072625967
0.05590807293866079,0.8278994134464419,0.11619251361489738
0.022488660783869133,0.682451089882059,0.29506024933407177
0.050393786843445344,0.7975525056389562,0.1520537075175986
0.01962822740561355,0.6270867978769956,0.3532849747173908
0.011100557530826652,0.5064272598831729,0.48247218258600044
0.03557076729812275,0.6855694982430319,0.27885973445884515
0.01792843230266902,0.5779049418638716,0.40416662583345936
0.006640489091236484,0.34398669771581675,0.6493728131929468
0.029174058716353132,0.542226720700827,0.4285992205828199
0.05106040804821,0.7080103388371082,0.24092925311468172
0.07142248152532238,0.8053953875526243,0.12318213092205325
0.023816709942058843,0.7192283179809003,0.25695497207704077
0.051520245974906204,0.8181190660360202,0.13036068798907355
0.01789111986355794,0.7175957416147412,0.2645131385217009
0.04312041082981491,0.8220219134395184,0.13485767573066682
0.07452895261758395,0.8578591908872233,0.06761185649519287
0.030869752985443068,0.7610525347642453,0.20807771225031169
0.04787876712326492,0.8464608344666626,0.10566039841007249
0.07965869766777177,0.8662252426561043,0.05411605967612386
0.09392958712921942,0.8736649507467265,0.032405462124054076
0.13252855635180913,0.8449641899454847,0.022507253702706252
0.143961290391916,0.8366227514971181,0.019415958110965886
0.15475413265704407,0.8270163249328791,0.018229542410076845
0.2013087368148575,0.7816985692731769,0.01699269391196545
0.1011349302492511,0.825706354629678,0.07315871512107086
0.04998987830073699,0.7999343961328442,0.15007572556641882
0.017115233525811326,0.6897079305174791,0.2931768359567094
0.007458166068000327,0.45654263320869487,0.5359992007233048
0.02346106585332983,0.6509946970307252,0.325544237115945
0.012785029615605395,0.5335423049467505,0.453672665437644
0.03004253492181696,0.7102486621643793,0.2597088029138037
0.01600802733043202,0.6026352125030067,0.38135676016656145
0.04214771610928139,0.7517904036327786,0.20606188025794003
0.015803490653505295,0.5526933117450227,0.4315031976014719
0.009082964437933194,0.4302023890133069,0.5607146465487599
0.0035909605754043464,0.2737005939507437,0.7227084454738518
0.001989626433133411,0.15977768265461798,0.8382326909122486
0.0013819736929781626,0.06998286153987514,0.9286351647671468
0.014421869634073442,0.16343568433600766,0.8221424460299189
0.0035339827803093694,0.07294451463821837,0.9235215025814723
0.002579055918076982,0.050829555775943565,0.9465913883059794
0.0012743485915458746,0.030046539504399988,0.9686791119040541
0.0010187226759618348,0.01933009168946907,0.9796511856345691
0.017236819801989284,0.062299615585043135,0.9204635646129676
0.003753173007071183,0.037150381326637234,0.9590964456662916
0.0014378744055581138,0.02310054341514376,0.9754615821792981
0.018442045652975653,0.07030618179948012,0.9112517725475442
0.0038511669826869774,0.03208444001077947,0.9640643930065335
0.019808317620999938,0.08923627119773385,0.8909554111812662
0.05145749842059844,0.19698726079971995,0.7515552407796816
0.010657933510421972,0.11886696460824332,0.8704751018813347
0.04146567053111009,0.24668543996556752,0.7118488895033223
0.10111314903931724,0.41271944389818144,0.48616740706250133
0.18259922446791513,0.5476418588894864,0.26975891664259855
0.2208962874922382,0.6409180365697061,0.13818567593805564
0.07000664375168392,0.6229960089313662,0.30699734731694994
0.02136218830700357,0.4166275902173904,0.562010221475606
0.01003084516912188,0.3083732614589698,0.6815958933719083
0.003315756001347946,0.14745823162558572,0.8492260123730663
0.0015762318728932895,0.06447284507909806,0.9339509230480088
0.0019835658197437894,0.0452626405396478,0.9527537936406084
0.019986229694019902,0.11560852985822401,0.8644052404477561
0.05072607703848279,0.2415099270733032,0.707763995888214
0.09575000772853706,0.4118294785671458,0.49242051370431705
0.023355059325874842,0.23650198857367813,0.7401429521004471
0.005546330831257405,0.13932012457062368,0.8551335445981189
0.028678176924374476,0.28113701114841216,0.6901848119272134
0.07415950578290828,0.4599049601029066,0.46593553411418515
0.11161048324274912,0.6213631247761481,0.2670263919811027
0.14128578364508912,0.7214910029037018,0.13722321345120891
0.044445330208782496,0.6651548702134497,0.2903997995777679
0.08219554871652798,0.7697161631172972,0.14808828816617495
0.10116668769776925,0.8234696962846124,0.07536361601761839
0.11658106714031838,0.8416076881734184,0.041811244686263106
0.04823526864642348,0.791431613295206,0.16033311805837053
0.024769829577542,0.7123299595952036,0.2629002108272543
0.009878956784213633,0.4882390791530237,0.5018819640627626
0.006541682548569723,0.3677545121923362,0.6257038052590941
0.0028454553574610558,0.22548752887643544,0.7716670157661034
0.01720717038292407,0.4073302235949689,0.5754626060221071
0.008546086848633895,0.29923979777594445,0.6922141153754217
0.002999949734918318,0.17776944169572342,0.8192306085693583
0.01757470414189716,0.341152666098691,0.6412726297594119
0.004951621559854125,0.16827492274265374,0.8267734556974922
0.026997612563186002,0.3255369587426868,0.6474654286941273
0.06883777388104001,0.5095724985908238,0.42158972752813617
0.028407332565959564,0.40975031535833883,0.5618423520757017
0.06784467337155316,0.5910093201010125,0.3411460065274344
0.019987204935412596,0.3817958342629764,0.598216960801611
0.04260554825047138,0.5766676235845596,0.38072682816496906
0.012134564151865207,0.41772036405019985,0.5701450717979349
0.006891408944094426,0.3065951605126259,0.6865134305432797
0.02365271664020344,0.5042772019575814,0.47207008140221507
0.007102537604418672,0.3408972781210337,0.6520001842745476
0.00287939818103289,0.16594185970562686,0.8311787421133402
0.022100087338641026,0.32294426083724626,0.6549556518241128
0.005747303235451713,0.15826518871879572,0.8359875080457526
0.003558810557757254,0.10743433343035577,0.889006856011887
0.002711172571952872,0.07315188870671065,0.9241369387213365
0.01721628991573213,0.16927671274142533,0.8135069973428426
0.04373579003547966,0.32508715728399046,0.63117705268053
0.010157874521304368,0.16396418451762654,0.8258779409610691
0.004915726728059398,0.11193391196190369,0.8831503613100369
0.021541009019560388,0.2375883012394828,0.7408706897409568
0.008852118916458958,0.16613776785993628,0.8250101132236047
0.036164172735903395,0.3207603622345772,0.6430754650295194
0.008528145292125974,0.19894377186754017,0.7925280828403338
0.004579404901168381,0.13609981409185884,0.8593207810069728
0.003121186313586395,0.09228094787376397,0.9045978658126497
0.0014546125473159691,0.05197375581666462,0.9465716316360194
0.01853782316260637,0.1288539319229292,0.8526082449144644
0.047493115941429596,0.2631414605610983,0.6893654234974722
0.01038632724993193,0.16135652065257192,0.8282571520974962
0.002826244654573108,0.07155894279016314,0.9256148125552637
0.02222380475836293,0.16600231539037116,0.811773879851266
0.004914762045463388,0.07497153148684098,0.9201137064676956
0.027716792619616702,0.1719869888607548,0.8002962185196285
0.0622986250476642,0.32643203178285113,0.6112693431694848
0.014100326319846562,0.1687565230980161,0.8171431505821374
0.04819067106289729,0.3224528718211193,0.6293564571159835
0.011003607802177458,0.20307283214612717,0.7859235600516954
0.0030829042173622662,0.09162931317454935,0.9052877826080884
0.0025145127399500474,0.06280293769020957,0.9346825495698404
0.02141209880406124,0.14961105809774744,0.8289768430981913
0.0655615634931762,0.29136659790969394,0.6430718385971299
0.14086201070413745,0.45104839958619286,0.40808958970966974
0.03518565049435626,0.3415531932184003,0.6232611562872435
0.014122312550586378,0.24944876565947235,0.7364289217899412
0.0038357192701539296,0.11572492411798461,0.8804393566118615
0.01937453697584218,0.2441122373387044,0.7365132256854535
0.057104021017419876,0.42109028026135764,0.5218056987212225
0.02268653551982786,0.32317343141306804,0.654140033067104
0.009798935115249634,0.23172627716729885,0.7584747877174515
0.02929581529810694,0.4131020557000308,0.5576021290018622
0.012739109332489286,0.3076915824401412,0.6795693082273695
0.0038339332157094216,0.14756659916362633,0.8485994676206643
0.0017056270986084761,0.08272349112693907,0.9155708817744524
0.001157444396480829,0.036158714658010516,0.9626838409455086
0.017680932557563457,0.0973245262521066,0.88499454119033
0.003830698187712446,0.04349168799342525,0.9526776138188623
0.0014644350061908432,0.026353236378831774,0.9721823286149773
0.0018265950780324367,0.02143777355392441,0.9767356313680432
0.019545412717098202,0.06682550437606799,0.9136290829068338
0.004161164799007237,0.0397385690454851,0.9561002661555076
0.020442046311272218,0.10479041641277198,0.8747675372759557
0.06558604163115761,0.22092104978503627,0.7134929085838062
0.013641453305744441,0.1366162394522866,0.849742307241969
0.0032974975749846393,0.06051410581169198,0.9361883966133234
0.02352513109012098,0.14517685857585472,0.8312980103340243
0.07056893734075605,0.2839581059833893,0.6454729566758546
0.015303043831290069,0.14450424994186786,0.8401927062268421
0.00637940835505986,0.09929134832254696,0.8943292433223932
0.031211528906394812,0.2149349909477341,0.7538534801458712
0.006915422622043052,0.126943304066391,0.8661412733115659
0.0037798513320353153,0.08643360437979358,0.9097865442881711
0.0015022283965470467,0.037853761560651615,0.9606440100428014
0.0010712506289825502,0.023310150322661417,0.975618599048356
0.017399775733985372,0.07072570740004536,0.9118745168659693
0.04741926806727512,0.16414457773702887,0.7884361541956961
0.009454689058249734,0.07679596187929076,0.9137493490624595
0.03113341254363763,0.17560270932712715,0.7932638781292352
0.0114494436185181,0.12299839357035684,0.865552162811125
0.005114442051859186,0.08433053984484026,0.9105550181033005
0.0030808169749660017,0.05828719271128788,0.9386319903137462
0.02295102330540282,0.1409420961514943,0.8361068805431029
0.06950020627029617,0.2777251056015727,0.6527746881281311
0.1206654891827176,0.4479529214079181,0.4313815894093643
0.029709137818643004,0.32987979890061675,0.6404110632807403
0.07370563851820504,0.5124231127141637,0.41387124876763115
0.13303783588972623,0.6447250535705497,0.22223711053972414
0.19672587461812094,0.6956731158597161,0.10760100952216292
0.07300862769103428,0.6242036171757707,0.30278775513319495
0.09952021889747155,0.7422690812747579,0.1582106998277705
0.14822419235229933,0.7743062830293058,0.07746952461839496
0.1998354133369571,0.7591783304297565,0.040986256233286514
0.2537960704098191,0.7201991904572457,0.02600473913293533
0.2599549429440869,0.7182655851804344,0.021779471875478656
0.13144728105404485,0.783280427703917,0.08527229124203821
0.14765114545383765,0.8059937907357598,0.04635506381040261
0.16052617343878703,0.8099506891447127,0.02952313741650033
0.17156047172906205,0.805899516415952,0.022540011854985838
0.06048195962426642,0.8404366653533654,0.09908137502236822
0.031166097126243703,0.7862156960182186,0.18261820685553776
0.011470054260534261,0.6531978781544291,0.3353320675850366
0.03449252421344564,0.7885253539199903,0.17698212186656395
0.051183741972972034,0.8591780445916992,0.08963821343532875
0.021733023474993486,0.7313643128185173,0.24690266370648917
0.03828986206358135,0.8350609911229291,0.12664914681348943
0.014173355754322438,0.7290017357318335,0.256824908513844
0.0063697696263964225,0.566814544177315,0.4268156861962885
0.0035816722192552903,0.39033543446743796,0.6060828933133069
0.01809177177597302,0.5927475423647912,0.3891606858592357
0.006806907284053917,0.35770209848235923,0.6354909942335869
0.00478820791158685,0.25548911005391656,0.7397226820344966
0.0021601796073307204,0.14820041686547797,0.8496394035271914
0.0013827815884708606,0.06470106682231967,0.9339161515892095
0.0011056088620868265,0.03717386186853001,0.9617205292693831
0.0009668959788769251,0.017651000184151455,0.9813821038369716
0.0016577164749181864,0.016061034159306545,0.9822812493657753
0.0018482477466491818,0.015136257296018805,0.983015494957332
0.019605267189318133,0.053409320001549306,0.9269854128091326
0.004123155651594423,0.03264223806944605,0.9632346062789595
0.0014311951373680396,0.0160202086416197,0.9825485962210122
0.014446537823518712,0.05530111358724355,0.9302523485892377
0.005681850964362648,0.04056749073962128,0.953750658296016
0.0030809549865117025,0.030570330262599484,0.9663487147508888
0.002300843636865565,0.024159379603240723,0.9735397767598938
0.016401572490328763,0.07266851263137035,0.910929914878301
0.006340408644472981,0.05185011800121303,0.9418094733543141
0.001897777581254026,0.03084746303963543,0.9672547593791105
0.001964519473556889,0.024242629888210493,0.9737928506382326
0.001961851349455595,0.020174772120321458,0.9778633765302229
0.01993012061747524,0.06416380018683304,0.9159060791956917
0.05278201319837613,0.15201236077027155,0.7952056260313523
0.010573960664087754,0.09139018656542297,0.8980358527704893
0.004711272929239056,0.06340418547341661,0.9318845415973442
0.0016548020939154181,0.036753116354101,0.9615920815519836
0.0010939630036888135,0.02275928433449167,0.9761467526618196
0.0009365449055119327,0.012019126546171845,0.9870443285483161
0.016974261531452473,0.046585756661376675,0.9364399818071709
0.05994506277554022,0.11757860560952016,0.8224763316149396
0.011347970106483623,0.05599755440454711,0.9326544754889693
0.002742298072016103,0.033379895254307464,0.9638778066736764
0.017364947838458898,0.09181196968789476,0.8908230824736463
0.003756293100310967,0.04109893437200573,0.9551447725276833
0.0025303770895553713,0.030750084179074075,0.9667195387313706
0.0012245737273973755,0.019765814842575703,0.9790096114300268
0.0009906670808090686,0.014152136232038521,0.9848571966871523
0.000903770117384583,0.008698863059680335,0.990397366822935
0.016866497709141042,0.039346644625640644,0.9437868576652183
0.04754446565189079,0.10461192550493423,0.847843608843175
0.10215631850136989,0.22002411942331318,0.6778195620753169
0.035588385120983154,0.16759312819131955,0.7968184866876973
0.012785620410788057,0.11799719198327585,0.8692171876059361
0.0031739482318214954,0.06702278474720397,0.9298032670209746
0.002453781477522531,0.04702355981678645,0.950522658705691
0.0012457729771244996,0.02807393961350054,0.970680287409375
0.014052463542170247,0.0807475507400237,0.9051999857178061
0.0032731595655119783,0.04673160535194882,0.9499952350825391
0.023523271894122698,0.11846068442948682,0.8580160436763905
0.0572731189741566,0.24563399977869632,0.6970928812471471
0.10546744256347385,0.4147263947179907,0.4798061627185355
0.02588567890896638,0.24185885555467396,0.7322554655363597
0.010264957918416022,0.170073743114622,0.8196612989669619
0.031061454115343435,0.3279908816143798,0.6409476642702768
0.007544617800619385,0.20289264822912048,0.7895627339702602
0.004295289033631158,0.13874270078521425,0.8569620101811547
0.0017189910402739773,0.060624819824451,0.937656189135275
0.019267384109380177,0.14554759096760125,0.8351850249230185
0.048254306012282394,0.28910199789815116,0.6626436960895664
0.018019017263882383,0.21056569707473147,0.7714152856613862
0.05546644259391853,0.37879693579582496,0.5657366216102565
0.11573730298547283,0.5446133444106214,0.3396493526039058
0.03067975341250374,0.4238786408239596,0.5454416057635366
0.05663444120666431,0.6107628474319782,0.3326027113613576
0.016071204729973077,0.4607963332496796,0.5231324620203474
0.005350042007635171,0.247767420494631,0.7468825374977339
0.002241520517043285,0.14336425420201793,0.8543942252809387
0.001384815198330855,0.06251894107244664,0.9360962437292225
0.0019219024315793396,0.04400845079964988,0.9540696467687707
0.015558067972103892,0.11324740433000481,0.8711945276978912
0.0035354803867689816,0.05025932067983215,0.9462051989333988
0.02422078135544958,0.12537212677434958,0.8504070918702007
0.008976690921597742,0.08742607993190452,0.9035972291464976
0.029972283593814847,0.1947390128766447,0.7752887035295404
0.08166620420523717,0.3521259370177988,0.5662078587769639
0.018796051932799988,0.18994758492971447,0.7912563631374855
0.045912625852003695,0.3541868633432254,0.599900510804771
0.010909083022310135,0.18268946398218694,0.806401452995503
0.0029919830218381903,0.08170120254263757,0.9153068144355243
0.02262902515434777,0.18456267322216652,0.7928083016234856
0.008856904380490402,0.12807084374209973,0.8630722518774099
0.004363123813095267,0.08741536487196537,0.9082215113149394
0.020582382132665278,0.19511632945702453,0.7843012884103101
0.008285444733004469,0.13524010187345983,0.8564744533935357
0.0023824613844322046,0.05941020207665201,0.9382073365389157
0.001215320260196574,0.02661108555309138,0.9721735941867121
0.0009630396776948934,0.01352000505975393,0.9855169552625512
0.013380034879862814,0.04985394164058796,0.9367660234795493
0.0030641680766807823,0.03032150778944388,0.9666143241338754
0.0012597863560984885,0.015057576686724803,0.9836826369571766
0.017915663409592386,0.0531825733497773,0.9289017632406303
0.0038368778238352607,0.03239665977782837,0.9637664623983364
0.02516029365137428,0.08967373212087267,0.885165974227753
0.06182280903870189,0.1972806513454972,0.7408965396158009
0.012678254635357029,0.12069373732290846,0.8666280080417346
0.0031639102789533602,0.06851884600314997,0.9283172437178967
0.023132841931559404,0.160295317921801,0.8165718401466396
0.054705592685802,0.31048002064836583,0.6348143866658321
0.12014226607966612,0.47727302487835455,0.40258470904197924
0.20060684294843212,0.5888912877423007,0.21050186930926715
0.06492067337618077,0.46687998774204115,0.4681993388817781
0.12374361350530311,0.6151081828384996,0.2611482036561974
0.038021802553680595,0.4427876546631953,0.5191905427831242
0.08269050561404914,0.6134129630817524,0.3038965313041985
0.11088554021971823,0.730356520399366,0.15875793938091587
0.13206861435743658,0.7873666684462943,0.08056471719626926
0.04394031435541554,0.7578737073586322,0.19818597828595227
0.01650693875096766,0.5626505372124687,0.42084252403656364
0.034503043402174985,0.7297701266913892,0.23572682990643584
0.018057948895570906,0.6279126441419369,0.354029406962492
0.044871392125632945,0.7669285261474388,0.1882000817269282
0.01701115966529166,0.5762055642674865,0.40678327606722187
0.03495055848813667,0.7391994234932303,0.22585001801863294
0.052836388750718805,0.8320735102117148,0.11509010103756646
0.06899180539251006,0.8713700835469114,0.05963811106057849
0.024618671945318756,0.8210447980240958,0.15433653003058542
0.01000737139604188,0.695115411524684,0.2948772170792741
0.007971097276384648,0.5742245510539475,0.4178043516696679
0.003976259909729045,0.3980912358616378,0.5979325042286332
0.002436709006288347,0.24733244914090238,0.7502308418528092
0.0029049340072464865,0.16988708813343326,0.8272079778593202
0.017413366576516036,0.32959204144787324,0.6529945919756107
0.004856188501268073,0.16128390944533447,0.8338599020533976
0.001918057790668196,0.09074100030972831,0.9073409418996036
0.0012490469813643927,0.05103617271288837,0.9477147803057473
0.0018451674136654884,0.03676273532280383,0.9613920972635307
0.0010821723565044633,0.017526795455966644,0.9813910321875288
0.017412676696140942,0.05845963548265485,0.9241276878212044
0.04791901589725738,0.14142298234521983,0.8106580017575228
0.009589604935365068,0.08446630257267242,0.9059440924919625
0.039638242858963196,0.18832613233111706,0.7720356248099197
0.10215179233675269,0.3393872497006454,0.558460957962602
0.15835413157046463,0.5010689131364766,0.3405769552930586
0.041687737068364296,0.4008231440509128,0.5574891188807228
0.010281229306938254,0.2607163332039322,0.7290024374891294
0.02971438633720868,0.44932177514834143,0.52096383851445
0.008062317962513981,0.29610060907395225,0.6958370729635338
0.002891471273690302,0.14014660059615236,0.8569619281301574
0.002634091337514112,0.09479222751747007,0.9025736811450158
0.002394642273850517,0.06480801691399092,0.9327973408121586
0.016562312135372768,0.15366247247756756,0.8297752153870597
0.006810246069969902,0.10571180816467632,0.8874779457653538
0.0021118817451597194,0.059622916874587054,0.9382652013802532
0.01596518319482479,0.14379003249347472,0.8402447843117005
0.006576282175401541,0.0988894375753373,0.8945342802492612
0.001991798157575845,0.04333467456298993,0.9546735272794342
0.0011189515707877467,0.02013555799366786,0.9787454904355444
0.0009352870681465643,0.01100585270943609,0.9880588602224174
0.0016278976983475947,0.012003876394228674,0.9863682259074237
0.0010407296514872713,0.010301934129772046,0.9886573362187407
0.0009428744929706032,0.009424054491410339,0.989633071015619
0.0008872933816188779,0.006890222232606805,0.9922224843857743
0.0016014917115181973,0.009499311660949698,0.9888991966275321
0.0018112768239600167,0.011131183141370743,0.9870575400346692
0.0018758012706977722,0.012138410239786974,0.9859857884895152
0.0018973010123841795,0.012756481105481995,0.9853462178821338
0.0010856545738771903,0.0106913924091974,0.9882229530169254
0.0009508462953335635,0.00961980477968451,0.9894293489249819
0.013340492450886372,0.04137734686068674,0.945282160688427
0.05068783746109967,0.10760403904089111,0.8417081234980092
0.016995417922816686,0.07850269250986279,0.9045018895673206
0.006545367050069981,0.0556741112210768,0.9377805217288532
0.0033871036903538316,0.040127182364236735,0.9564857139454094
0.02386875983177649,0.10532248046773919,0.8708087597004843
0.0736674430601664,0.22098944898678077,0.7053431079530529
0.16342218013952572,0.3669085766925994,0.4696692431678749
0.2276978149241065,0.5052347799170956,0.26706740515879784
0.06893541575512563,0.38282613142450383,0.5482384528203705
0.1372716463678211,0.5400912806068804,0.32263707302529854
0.2142307453347992,0.6247868524262598,0.1609824022389411
0.2397179464682273,0.6786197233914438,0.08166233014032889
0.08073440913842228,0.7026088802458089,0.21665671061576877
0.12819850019437898,0.7651869411281232,0.1066145586774978
0.14604336333119083,0.797986945860328,0.05596969080848104
0.1951619503154134,0.772746635108693,0.032091414575893595
0.24756481337225317,0.7299275235765846,0.022507663051162273
0.30233304463080346,0.6787565815691798,0.018910373800016554
0.3041734960626337,0.6765698821232775,0.01925662181408889
0.35984771562278894,0.6223118437985765,0.017840440578634563
0.35683910429342686,0.6238970700148565,0.01926382569171666
0.18578896948303944,0.7253106004139943,0.0889004301029662
0.06133169321734553,0.7182286503741335,0.22043965640852106
0.08209388212695624,0.805824918148539,0.11208119972450487
0.040311437089667806,0.7568182111301437,0.2028703517801884
0.05820667418087898,0.8388874656800677,0.1029058601390535
0.030096127100187667,0.7822511646227539,0.1876527082770583
0.04660940017147935,0.8583224128015445,0.09506818702697607
0.019990400490453857,0.7238110528080318,0.2561985467015144
0.012129224349354085,0.6121787155126569,0.375692060137989
0.0359626309051866,0.7613591243594601,0.20267824473535326
0.05339846069429168,0.84378337846584,0.10281816083986826
0.022070036320331228,0.7067437736099038,0.27118619006976497
0.008230350033944643,0.5461424998205964,0.445627150145459
0.030352952021122814,0.7181127826828517,0.2515342652960254
0.010500540334360492,0.5656559850918298,0.4238434745738097
0.026751458419529934,0.7352356485102401,0.23801289307023002
0.05527382504657409,0.8248307122758665,0.11989546267755949
0.022158932122502837,0.6765194189519413,0.30132164892555585
0.008705179298032101,0.4451196563420069,0.5461751643599609
0.032094151727874935,0.6367831811479351,0.33112266712418986
0.05215030359395462,0.7719373127403683,0.17591238366567713
0.026126930977275618,0.6905533677255113,0.2833197012972131
0.04399210533814854,0.8087323639356324,0.1472755307262191
0.0606535894223256,0.8644139480400699,0.07493246253760456
0.03176506315913541,0.819449874454775,0.14878506238608946
0.012042344280039958,0.6997820764505904,0.28817557926936965
0.005632689659330232,0.5311685939922683,0.4631987163484014
0.0034127664335857288,0.29856894213622953,0.6980182914301847
0.018029336570520294,0.4966795005920988,0.48529116283738094
0.006033362608695387,0.27562712387460264,0.718339513516702
0.004151062734006378,0.19152932298956227,0.8043196142764314
0.003210181273059862,0.130220530848391,0.866569287878549
0.0015151689505651168,0.056720992300729425,0.9417638387487055
0.0019402577950508575,0.04035887440321075,0.9577008678017384
0.001104598783217197,0.018952394863851193,0.9799430063529316
0.0017008268303155417,0.01686710115249324,0.9814320720171912
0.01918389444583025,0.057103811166702705,0.923712294387467
0.004064956973395611,0.034555858114791504,0.961379184911813
0.0014264040423239035,0.01677010917947989,0.9818034867781962
0.014436896059716852,0.056908104771662554,0.9286549991686206
0.052934506812605996,0.13733506169426604,0.809730431493128
0.10836641093176526,0.2702909230210209,0.6213426660472138
0.175345439971939,0.4270095564371141,0.3976450035909469
0.045920016488886994,0.27750507794436874,0.6765749055667443
0.017116240585735958,0.2010150010588475,0.7818687583554166
0.04263767988927073,0.3699525609138064,0.587409759196923
0.09463901740743105,0.5443221264248572,0.36103885616771164
0.03935021704854172,0.4556658237345524,0.504983959216906
0.010228942533274544,0.3048706636637791,0.6849003938029464
0.005630124695328297,0.21464935181460623,0.7797205234900656
0.002166005951664694,0.09670110465189784,0.9011328893964374
0.001303550653210393,0.054273776300685694,0.9444226730461038
0.018128886154310644,0.1333464253584596,0.8485246884872298
0.007175380326019611,0.09207610488023331,0.9007485147937471
0.002138495372736629,0.052231227793389866,0.9456302768338736
0.002104431408019752,0.03758678411590639,0.9603087844760739
0.001169076719601883,0.023213938049422962,0.9756169852309752
0.0009491235949194974,0.012198735528645737,0.9868521408764349
0.01701129186127581,0.046976720244414495,0.9360119878943096
0.006390278498040124,0.03551064859243698,0.9580990729095229
0.0017954704018027668,0.017264896766551588,0.9809396328316456
0.015270118303267305,0.05801281505512745,0.9267170666416051
0.04354710122524447,0.14059812091727902,0.8158547778574765
0.09194894796507579,0.276871637003018,0.6311794150319063
0.032984949212068744,0.2104006986496209,0.7566143521383104
0.007224354892246031,0.1243772084068814,0.8683984367008726
0.0021713763380623212,0.05447513483268724,0.9433534888292504
0.001214821237624093,0.03190456098506383,0.966880617777312
0.0178305902519433,0.08861842731741443,0.8935509824306423
0.06007619966243826,0.19406539443491025,0.7458584059026515
0.020901671296040352,0.14071683433814164,0.838381494365818
0.008059088682979719,0.09742170189596124,0.894519209421059
0.0023025697597861476,0.05521336360771597,0.942484066632498
0.002161661642697823,0.039476134560877583,0.9583622037964246
0.002068367041358246,0.029614075274496193,0.9683175576841455
0.0020090458785257956,0.02349320098868736,0.9744977531327869
0.0019720473702419445,0.019717086630443224,0.9783108659993148
0.0010669966159916572,0.010883127635913908,0.9880498757480944
0.001664707355713072,0.01193791445694155,0.9863973781873454
0.0018369606499342506,0.012620158797518537,0.9855428805525471
0.001075651400258398,0.010620168367121974,0.9883041802326196
0.001666324022347786,0.011778436144737127,0.986555239832915
0.0010036099987008546,0.007819542882160371,0.9911768471191387
0.0016371978979762667,0.010071042511487893,0.9882917595905358
0.01899439324480111,0.04243501059291065,0.9385705961622883
0.003833880389336525,0.02069264192329804,0.9754734776873654
0.019831464354460596,0.06553402877572767,0.9146345068698117
0.06620685419340705,0.15276924426861654,0.7810239015379764
0.013138016179816947,0.09361835459816724,0.8932436292220158
0.00547881861318306,0.06511869320328102,0.9294024881835359
0.0017245567467805076,0.029123944908318832,0.9691514983449006
0.01926074652146443,0.08289193035392878,0.8978473231246068
0.004036675987385471,0.037432446069255935,0.9585308779433587
0.020184672439083052,0.10013583200746339,0.8796794955534535
0.05173443438331078,0.21568505999978294,0.7325805056169062
0.09937374464731676,0.37922966767414706,0.5213965876785362
0.02305381264411214,0.2615691870734986,0.7153770002823892
0.06393647951538434,0.44027487938328336,0.4957886411013322
0.12436789493698654,0.5937991031351649,0.2818330019278485
0.03729324356525945,0.4184423870993558,0.5442643693353847
0.009690468362250246,0.22369166405560503,0.7666178675821447
0.0292191718721703,0.4026680954523877,0.568112732675442
0.012622556459144594,0.2987303859459462,0.6886470575949093
0.041744028558866414,0.48942799164582806,0.4688279797953055
0.011068012346027403,0.33507486664508773,0.6538571210088848
0.037979472703684035,0.529917836734432,0.43210269056188394
0.010570522384701915,0.37031555765765206,0.6191139199576461
0.0036539576746644356,0.2284344661714167,0.7679115761539188
0.018624698956224407,0.4109248714059459,0.5704504296378297
0.005582307740237951,0.21331274418431678,0.7811049480754453
0.022105167309447275,0.39019819731695954,0.5876966353735932
0.04548842959020817,0.5837417195311294,0.37076985087866243
0.020512751026399743,0.47388478179318844,0.5056024671804118
0.010168994799041401,0.35844482668692473,0.6313861785140339
0.003559411910151579,0.17727218243124165,0.8191684056586068
0.023669428183385934,0.3393199303297324,0.6370106414868817
0.04922275677946908,0.5323856394334606,0.41839160378707035
0.09559675253352864,0.6766560457965914,0.22774720166987988
0.043014039338970696,0.6029682731955237,0.35401768746550555
0.08285035193930616,0.7309246696672745,0.18622497839341925
0.12890285528901246,0.7797656497819975,0.09133149492899006
0.14556635446459004,0.8053815517002527,0.04905209383515736
0.07171882044236493,0.8097250973456386,0.11855608221199654
0.03561604122134687,0.7538514407220195,0.21053251805663367
0.06689280910649907,0.8280526897029439,0.10505450119055704
0.03382929308850572,0.7746307748784421,0.19153993203305208
0.012079540467482955,0.6400469345476578,0.3478735249848593
0.005670310604363143,0.4004469974066711,0.5938826919889658
0.02118554643783604,0.6013705408948053,0.37744391266735855
0.007197987911940625,0.4312694945980083,0.5615325174900512
0.005296636395104559,0.3167096671467024,0.677993696458193
0.004103374307990341,0.22273902888577793,0.7731575968062318
0.0019183586247100684,0.10055619109581948,0.8975254502794704
0.019806942155077632,0.21818352098342103,0.7620095368615013
0.0590007130745166,0.3879355792928228,0.5530637076326606
0.12080917183044598,0.5508862845729359,0.32830454359661815
0.032271099107570755,0.4334802753401067,0.5342486255523224
0.07349377074009628,0.6094164592725368,0.31708976998736693
0.1009240873167723,0.7323138269556707,0.16676208572755707
0.1506736321610515,0.767848033447781,0.08147833439116739
0.20309142628234017,0.7542548827751379,0.04265369094252203
0.2138565173078518,0.7578136091058193,0.028329873586328828
0.26736590999316173,0.7115626124809477,0.02107147752589052
0.135489433448296,0.7798134520756919,0.08469711447601212
0.18566818928947612,0.7702132851670104,0.044118525543513476
0.23858005402512544,0.7341698135429544,0.02725013243192001
0.11967400891045427,0.7879092410111411,0.09241675007840457
0.16760148572738684,0.7848514741979112,0.04754704007470199
0.1800678006385277,0.7897717245871699,0.03016047477430224
0.08957809287496378,0.818027052361385,0.0923948547636512
0.13115857717232135,0.8210405202542681,0.04780090257341048
0.14449931912098377,0.8254714726079208,0.030029208271095446
0.06034032127585433,0.80187617277924,0.1377835059449057
0.02028318537373699,0.7027087414863097,0.2770080731399533
0.03706321153592676,0.819261427331875,0.1436753611321982
0.013585396192633273,0.704716788927426,0.2816978148799408
0.03707047069582694,0.8180938665361763,0.14483566276799673
0.015559582935513681,0.6448357978679414,0.3396046191965447
0.04080086122321336,0.779866984081745,0.1793321546950415
0.021387174666427505,0.692513282347714,0.28609954298585855
0.012379209884575559,0.5776771729461461,0.40994361716927835
0.008016865238978847,0.4531262558872874,0.5388568788737338
0.030785480851100392,0.6442198154951706,0.324994703653729
0.06345487165751697,0.7672628074542925,0.1692823208881905
0.02326258417882708,0.594601858179342,0.3821355576418309
0.053545857807491416,0.7405335887710341,0.20592055342147447
0.07290150913315041,0.8226404175740475,0.10445807329280202
0.11123414312528583,0.8354755710337245,0.05329028584098981
0.12525126439942788,0.8424986534653895,0.032250082135182524
0.13759840789952862,0.8389841209237575,0.023417471176713733
0.0581460886709986,0.8198859989103991,0.12196791241860222
0.09343798447408107,0.8451655679134825,0.06139644761243633
0.03225863051077095,0.8073596346343549,0.16038173485487411
0.06093421966069548,0.8590531842866239,0.0800125960526806
0.07612488274432407,0.880205044845181,0.0436700724104949
0.08994763388226223,0.8821558677230624,0.027896498394675326
0.10284289600849467,0.8758270393765542,0.02133006461495126
0.1150861792036624,0.8662190157914414,0.01869480500489607
0.040973700536009336,0.872837343357026,0.08618895610696457
0.022940349495968432,0.8143131751740574,0.16274647532997427
0.009461244255559775,0.6840995094035849,0.30643924634085534
0.007680733296913807,0.5618717844778304,0.43044748222525586
0.02312434849132581,0.734054833085942,0.24282081842273212
0.050240153621152826,0.8271088896918926,0.1226509566869547
0.08331971263339669,0.8548525483772219,0.06182773898938148
0.042238336494793124,0.8257436140230051,0.13201804948220175
0.022725596104433074,0.7521008722699275,0.22517353162563938
0.008801080367310043,0.6016884096594314,0.3895105099732586
0.024318003784660872,0.7614983049737165,0.21418369124162256
0.040695373848735686,0.8503980971086507,0.10890652904261372
0.015131218360349396,0.7546019242399218,0.2302668573997287
0.010472312301623305,0.6449205535244726,0.344607134173904
0.02608879517915808,0.7892105786126784,0.1847006262081637
0.01008345493058571,0.6527092856058258,0.3372072594635885
0.005250186967977883,0.4122375010493741,0.5825123119826479
0.026041199957657815,0.6099714432663645,0.3639873567759777
0.008424894025377605,0.44260982175521363,0.5489652842194087
0.0316161658553105,0.6348104826748475,0.33357335146984207
0.05163598262004961,0.7709214691744488,0.1774425482055016
0.08735783338340372,0.8247710708358428,0.08787109578075344
0.04331319785669722,0.7869607531325318,0.1697260490107709
0.014947200965671032,0.665214028654081,0.3198387703802479
0.009638692623343256,0.544367516095033,0.44599379128162364
0.006803893901514124,0.41974851301596544,0.5734475930825204
0.003083167684194744,0.2647851697221616,0.7321316625936436
0.02231340774807689,0.45567906106573064,0.5220075311861925
0.04418088664938622,0.6426682723493489,0.3131508410012649
0.013271280031447197,0.4879663782722285,0.4987623416963243
0.007726050151344175,0.36868650248030316,0.6235874473683526
0.003115369968818883,0.1830935134659754,0.8137911165652058
0.0028628121611707484,0.1241816443103184,0.8729555435285108
0.022168804949212886,0.25771952117183394,0.7201116738789531
0.04943735079906323,0.44129640462549863,0.5092662445754381
0.1014093158844037,0.6042887737074929,0.2943019104081034
0.028090631769293765,0.48106997747585956,0.49083939075484667
0.008209870114142835,0.2670238883335437,0.7247662415523134
0.026172122214481765,0.45775855990033953,0.5160693178851786
0.04940495152369322,0.6425025041873008,0.30809254428900595
0.014622507957800146,0.49105904555195684,0.4943184464902429
0.03302813809712065,0.6760183407276573,0.29095352117522194
0.01679776270289916,0.5658485013394448,0.41735373595765607
0.009544839919581832,0.4433938341712091,0.5470613259092091
0.003835222103083163,0.23324331600533327,0.7629214618915836
0.0032817594178581612,0.15987744287427702,0.8368407977078648
0.01814606417601594,0.3144981941829043,0.6673557416410798
0.052293423549673056,0.503350903857375,0.444355672592952
0.013660495974261829,0.3520409830305629,0.6342985209951753
0.007009548921578131,0.252625599260761,0.7403648518176609
0.004353551022315382,0.17460075574450418,0.8210456932331804
0.0018255502760542621,0.07713778771614382,0.921036662007802
0.0012048099143190081,0.04376346743147322,0.9550317226542078
0.000995744550566983,0.020263915284720675,0.9787403401647123
0.001674135161387718,0.017663003402583272,0.980662861436029
0.0018580642523889394,0.016117235315133916,0.9820247004324771
0.001085954282943656,0.012364471384479303,0.9865495743325771
0.0009540827277938383,0.01045095090720406,0.9885949663650021
0.0009292126112371261,0.009493218532064637,0.9895775688566982
0.013290701291486415,0.04109751273496127,0.9456117859735523
0.0030229985724617055,0.02577210799960343,0.9712048934279348
0.0022680073253435852,0.02119282698481407,0.9765391656898423
0.0011624435083038523,0.014929407504595711,0.9839081489871004
0.0009318598287591646,0.009004387284549768,0.990063752886691
0.000884791244119322,0.00672990592475941,0.9923853028311214
0.000873197228001806,0.0058630106708604905,0.9932637921011377
0.01676616217772918,0.033111414298502465,0.9501224235237684
0.04758241342495325,0.09221304287365542,0.8602045437013913
0.1285474820738274,0.19458767970978105,0.6768648382163915
0.21451141729657455,0.3331859113888966,0.4523026713145288
0.053192394735053695,0.21316837326461163,0.7336392320003348
0.10188900799236332,0.37557945681652594,0.5225315351911107
0.02405626380076929,0.211600641106892,0.7643430950923388
0.05423845094657262,0.3821273782458059,0.5636341708076217
0.021155589808577246,0.28833145500359764,0.6905129551878251
0.00537319280025007,0.17303149783377278,0.8215953093659772
0.001997135066473608,0.07650695962432724,0.9214959053091992
0.0012320758731979558,0.04344327065096349,0.9553246534758385
0.01790759025599146,0.11201228293930095,0.8700801268047075
0.003927584278276517,0.0499070447513761,0.9461653709703474
0.0014399152147823923,0.0228660113172758,0.9756940734679418
0.014476742078670965,0.06986121633525237,0.9156620415860766
0.0031984463418180515,0.03164415515850162,0.9651573984996803
0.002338035951040411,0.024832594803318925,0.9728293692456407
0.002069969162222134,0.020564666365611963,0.9773653644721658
0.001979749240159471,0.01792284390299329,0.9800974068568472
0.019981566970226024,0.05938124301957545,0.9206371900101985
0.06692764300585871,0.14146649960055063,0.7916058573935906
0.02252118231363847,0.10393644711400189,0.8735423705723596
0.056052617333630775,0.2218253577916682,0.722122024874701
0.011619035529819955,0.1071969288658233,0.8811840356043568
0.0050918891953531135,0.07386847839835343,0.9210396324062934
0.003034852068584625,0.05156457429186782,0.9454005736395475
0.002359757255983653,0.03724261029294014,0.9603976324510762
0.016518121578526137,0.09965841250216395,0.8838234659193099
0.0037582571803969414,0.0572389358483362,0.9390028069712669
0.002587962269720072,0.04087712428816124,0.9565349134421187
0.0012077454691465398,0.01919169988050634,0.9796005546503471
0.0009472219650484094,0.010645727867040641,0.9884070501679109
0.0016301393938701276,0.011785481786744894,0.986584378819385
0.0018266980928946929,0.012524959442283391,0.9856483424648219
0.0018846624492527954,0.012988862070723164,0.9851264754800241
0.0197093698188906,0.048789668203518696,0.9315009619775907
0.0039745690591073204,0.02330365786278583,0.9727217730781068
0.025610638485449318,0.07088112168131783,0.9035082398332329
0.009059864505503548,0.05156070001600234,0.939379435478494
0.004098491792075663,0.03774316194075736,0.958158346267167
0.002616583470629686,0.02868639850381609,0.9686970180255543
0.0021621017017504616,0.02296079561540714,0.9748771026828424
0.0011488339689026393,0.015811218826387318,0.98303994720471
0.0009708157664513281,0.012171051782484744,0.9868581324510639
0.001641587219633069,0.012715835174187255,0.9856425776061796
0.0010016493030574826,0.008177059866058621,0.9908212908308839
0.0016377649669803529,0.01028806849506354,0.9880741665379561
0.0009962353727563176,0.0072490514811108415,0.9917547131461328
0.01712976932639073,0.03617984484038155,0.9466903858332277
0.04822333801846078,0.09835712828063055,0.8534195337009086
0.009085357238731856,0.04630151444872681,0.9446131283125413
0.004084195041673715,0.034434274506848016,0.9614815304514783
0.02583145354519953,0.09382832852569187,0.8803402179291088
0.009267627263977398,0.06657195742561178,0.9241604153104108
0.030938883665735203,0.15677645792303813,0.8122846584112268
0.006557654328518802,0.09140699834819542,0.9020353473232857
0.03177413474492457,0.2011753878385638,0.7670504774165116
0.011842093212441075,0.14133276950001802,0.8468251372875408
0.03453687050101195,0.2840822008737207,0.6813809286252673
0.06801183729458031,0.4677490602583461,0.4642391024470735
0.027405832611032105,0.3694380292817658,0.6031561381072021
0.0070548828875662785,0.23234096577111,0.7606041513413238
0.031145791960468943,0.4128824732102998,0.5559717348292313
0.01337934372995058,0.308050976091389,0.6785696801786604
0.003958200353788218,0.18481946916058675,0.8112223304856251
0.02456552508264224,0.35000897107349915,0.6254255038438585
0.01061843768808403,0.25368305979335953,0.7356985025185565
0.038491746663993846,0.4377345547708375,0.5237736985651686
0.009890034167038982,0.28955573683081,0.700554229002151
0.02868894331924686,0.4836740230098912,0.48763703367086203
0.013153800753136356,0.37017739416887036,0.6166688050779932
0.004169229296510277,0.22902375995960877,0.766807010743881
0.024817902147252054,0.41015261837342487,0.565029479479323
0.00676294298717818,0.2628449208860463,0.7303921361267756
0.03018458737054194,0.4511407453375428,0.5186746672919152
0.06923338440053355,0.6260804962118935,0.30468611938757295
0.03064470774561652,0.5303406852920597,0.4390146069623238
0.06699564275826125,0.6888537930786865,0.24415056416305222
0.08951409605593803,0.7856351575624644,0.12485074638159756
0.10755344106504951,0.8281430781878802,0.06430348074707025
0.12229403166911362,0.8407117642968985,0.03699420403398797
0.06115490959897025,0.8404473856267262,0.09839770477430373
0.031474134659546106,0.786782974585309,0.18174289075514502
0.06042675207071514,0.8490174679315649,0.09055577999771991
0.03132497306267011,0.7979071711139336,0.17076785582339638
0.017620245093648144,0.7083609538933594,0.27401880101299253
0.007102316799085663,0.5449057040542629,0.4479919791466514
0.0036491259137275997,0.37038833678577837,0.6259625373004941
0.0023080043563003744,0.18323138869534278,0.8144606069483569
0.001495074412785691,0.08100381625914609,0.9175011093280682
0.002015428223556676,0.05579738067574573,0.9421871911006976
0.0020810411818976125,0.03981958636213688,0.9580993724559654
0.020257863282949318,0.10472644479677416,0.8750156919202765
0.004294731779590171,0.046901800567738065,0.9488034676526718
0.0014912271774552414,0.021682286056316384,0.9768264867662284
0.01859140923450542,0.06731951756183656,0.9140890732036582
0.04995220228663208,0.1578635179704523,0.7921842797429155
0.1014084239347717,0.30106744454241774,0.5975241315228105
0.03684379580599597,0.23238151836142143,0.7307746858325825
0.013715089418701067,0.1650123530233733,0.8212725575579256
0.00600222688224551,0.11314219684078371,0.8808555762769708
0.001993096837868604,0.06363110561439166,0.9343757975477397
0.0011623188880691751,0.028303737256343258,0.9705339438555876
0.0009581256302432592,0.01417674497291761,0.9848651293968392
